SERIES,M,N,K,P,T
WEAK(medium),1152,1152,1152,1,3.3592655000000002
WEAK(medium),1456,1456,1456,2,4.0986065
WEAK(medium),1824,1824,1824,4,14.3908335
WEAK(medium),2304,2304,2304,8,51.751493499999995
WEAK(small),896,896,896,1,1.3281385
WEAK(small),1136,1136,1136,2,1.6216975
WEAK(small),1424,1424,1424,4,2.514192
WEAK(small),1792,1792,1792,8,16.919585
